А,Б,В,Г
Нина Валентиновна,Иван Вячеславович,Алексей Валентинович,Максим Андреевич
Иван Вячеславович,Алексей Валентинович,Максим Андреевич,Наталья Вячеславовна
Алексей Валентинович,Максим Андреевич,Наталья Вячеславовна,Людмила Михайловна
Максим Андреевич,Наталья Вячеславовна,Людмила Михайловна,Ольга Дмитриевна
Наталья Вячеславовна,Людмила Михайловна,Ольга Дмитриевна,Татьяна Валентиновна
Людмила Михайловна,Ольга Дмитриевна,Татьяна Валентиновна,Андрей Валентинович
Нина Валентиновна
Нина Валентиновна
Виктор Андреевич
